INSERT INTO users (id, name, email, password_hash, phone, ev_model, is_host) VALUES (1001, 'Demo Host 1', 'host1@example.com', '$2b$10$j3tbcZFfcLTg7NK5ITJqneHLG3X3A.oJCnc.UqzRexqH6GePnAVM2', '990001001', '', 1);
INSERT INTO users (id, name, email, password_hash, phone, ev_model, is_host) VALUES (1002, 'Demo Host 2', 'host2@example.com', '$2b$10$j3tbcZFfcLTg7NK5ITJqneHLG3X3A.oJCnc.UqzRexqH6GePnAVM2', '990001002', '', 1);
INSERT INTO users (id, name, email, password_hash, phone, ev_model, is_host) VALUES (1003, 'Demo Host 3', 'host3@example.com', '$2b$10$j3tbcZFfcLTg7NK5ITJqneHLG3X3A.oJCnc.UqzRexqH6GePnAVM2', '990001003', '', 1);
INSERT INTO users (id, name, email, password_hash, phone, ev_model, is_host) VALUES (1004, 'Demo Host 4', 'host4@example.com', '$2b$10$j3tbcZFfcLTg7NK5ITJqneHLG3X3A.oJCnc.UqzRexqH6GePnAVM2', '990001004', '', 1);
INSERT INTO users (id, name, email, password_hash, phone, ev_model, is_host) VALUES (1005, 'Demo Host 5', 'host5@example.com', '$2b$10$j3tbcZFfcLTg7NK5ITJqneHLG3X3A.oJCnc.UqzRexqH6GePnAVM2', '990001005', '', 1);
INSERT INTO users (id, name, email, password_hash, phone, ev_model, is_host) VALUES (1006, 'Demo Host 6', 'host6@example.com', '$2b$10$j3tbcZFfcLTg7NK5ITJqneHLG3X3A.oJCnc.UqzRexqH6GePnAVM2', '990001006', '', 1);
INSERT INTO users (id, name, email, password_hash, phone, ev_model, is_host) VALUES (1007, 'Demo Host 7', 'host7@example.com', '$2b$10$j3tbcZFfcLTg7NK5ITJqneHLG3X3A.oJCnc.UqzRexqH6GePnAVM2', '990001007', '', 1);
INSERT INTO users (id, name, email, password_hash, phone, ev_model, is_host) VALUES (1008, 'Demo Host 8', 'host8@example.com', '$2b$10$j3tbcZFfcLTg7NK5ITJqneHLG3X3A.oJCnc.UqzRexqH6GePnAVM2', '990001008', '', 1);
INSERT INTO users (id, name, email, password_hash, phone, ev_model, is_host) VALUES (1009, 'Demo Host 9', 'host9@example.com', '$2b$10$j3tbcZFfcLTg7NK5ITJqneHLG3X3A.oJCnc.UqzRexqH6GePnAVM2', '990001009', '', 1);
INSERT INTO users (id, name, email, password_hash, phone, ev_model, is_host) VALUES (1010, 'Demo Host 10', 'host10@example.com', '$2b$10$j3tbcZFfcLTg7NK5ITJqneHLG3X3A.oJCnc.UqzRexqH6GePnAVM2', '990001010', '', 1);
INSERT INTO users (id, name, email, password_hash, phone, ev_model, is_host) VALUES (1011, 'Demo Host 11', 'host11@example.com', '$2b$10$j3tbcZFfcLTg7NK5ITJqneHLG3X3A.oJCnc.UqzRexqH6GePnAVM2', '990001011', '', 1);
INSERT INTO users (id, name, email, password_hash, phone, ev_model, is_host) VALUES (1012, 'Demo Host 12', 'host12@example.com', '$2b$10$j3tbcZFfcLTg7NK5ITJqneHLG3X3A.oJCnc.UqzRexqH6GePnAVM2', '990001012', '', 1);
INSERT INTO users (id, name, email, password_hash, phone, ev_model, is_host) VALUES (1013, 'Demo Host 13', 'host13@example.com', '$2b$10$j3tbcZFfcLTg7NK5ITJqneHLG3X3A.oJCnc.UqzRexqH6GePnAVM2', '990001013', '', 1);
INSERT INTO users (id, name, email, password_hash, phone, ev_model, is_host) VALUES (1014, 'Demo Host 14', 'host14@example.com', '$2b$10$j3tbcZFfcLTg7NK5ITJqneHLG3X3A.oJCnc.UqzRexqH6GePnAVM2', '990001014', '', 1);
INSERT INTO users (id, name, email, password_hash, phone, ev_model, is_host) VALUES (1015, 'Demo Host 15', 'host15@example.com', '$2b$10$j3tbcZFfcLTg7NK5ITJqneHLG3X3A.oJCnc.UqzRexqH6GePnAVM2', '990001015', '', 1);
INSERT INTO users (id, name, email, password_hash, phone, ev_model, is_host) VALUES (1016, 'Demo Host 16', 'host16@example.com', '$2b$10$j3tbcZFfcLTg7NK5ITJqneHLG3X3A.oJCnc.UqzRexqH6GePnAVM2', '990001016', '', 1);
INSERT INTO users (id, name, email, password_hash, phone, ev_model, is_host) VALUES (1017, 'Demo Host 17', 'host17@example.com', '$2b$10$j3tbcZFfcLTg7NK5ITJqneHLG3X3A.oJCnc.UqzRexqH6GePnAVM2', '990001017', '', 1);
INSERT INTO users (id, name, email, password_hash, phone, ev_model, is_host) VALUES (1018, 'Demo Host 18', 'host18@example.com', '$2b$10$j3tbcZFfcLTg7NK5ITJqneHLG3X3A.oJCnc.UqzRexqH6GePnAVM2', '990001018', '', 1);
INSERT INTO users (id, name, email, password_hash, phone, ev_model, is_host) VALUES (1019, 'Demo Host 19', 'host19@example.com', '$2b$10$j3tbcZFfcLTg7NK5ITJqneHLG3X3A.oJCnc.UqzRexqH6GePnAVM2', '990001019', '', 1);
INSERT INTO users (id, name, email, password_hash, phone, ev_model, is_host) VALUES (1020, 'Demo Host 20', 'host20@example.com', '$2b$10$j3tbcZFfcLTg7NK5ITJqneHLG3X3A.oJCnc.UqzRexqH6GePnAVM2', '990001020', '', 1);
INSERT INTO hosts (id, user_id, name, phone, address_brief, lat, lon) VALUES (2001, 1001, 'Host_Location_1', '990001001', 'Block A Market, Delhi', 28.622266, 77.180501);
INSERT INTO hosts (id, user_id, name, phone, address_brief, lat, lon) VALUES (2002, 1002, 'Host_Location_2', '990001002', 'Block B Market, Delhi', 28.62834, 77.211722);
INSERT INTO hosts (id, user_id, name, phone, address_brief, lat, lon) VALUES (2003, 1003, 'Host_Location_3', '990001003', 'Block C Market, Delhi', 28.614221, 77.180592);
INSERT INTO hosts (id, user_id, name, phone, address_brief, lat, lon) VALUES (2004, 1004, 'Host_Location_4', '990001004', 'Block D Market, Delhi', 28.632466, 77.17939);
INSERT INTO hosts (id, user_id, name, phone, address_brief, lat, lon) VALUES (2005, 1005, 'Host_Location_5', '990001005', 'Block E Market, Delhi', 28.62971, 77.185133);
INSERT INTO hosts (id, user_id, name, phone, address_brief, lat, lon) VALUES (2006, 1006, 'Host_Location_6', '990001006', 'Block F Market, Delhi', 28.632328, 77.222784);
INSERT INTO hosts (id, user_id, name, phone, address_brief, lat, lon) VALUES (2007, 1007, 'Host_Location_7', '990001007', 'Block G Market, Delhi', 28.621618, 77.232127);
INSERT INTO hosts (id, user_id, name, phone, address_brief, lat, lon) VALUES (2008, 1008, 'Host_Location_8', '990001008', 'Block H Market, Delhi', 28.597574, 77.196363);
INSERT INTO hosts (id, user_id, name, phone, address_brief, lat, lon) VALUES (2009, 1009, 'Host_Location_9', '990001009', 'Block I Market, Delhi', 28.633947, 77.188759);
INSERT INTO hosts (id, user_id, name, phone, address_brief, lat, lon) VALUES (2010, 1010, 'Host_Location_10', '990001010', 'Block J Market, Delhi', 28.588184, 77.217099);
INSERT INTO hosts (id, user_id, name, phone, address_brief, lat, lon) VALUES (2011, 1011, 'Host_Location_11', '990001011', 'Block K Market, Delhi', 28.639423, 77.22029);
INSERT INTO hosts (id, user_id, name, phone, address_brief, lat, lon) VALUES (2012, 1012, 'Host_Location_12', '990001012', 'Block L Market, Delhi', 28.602827, 77.195064);
INSERT INTO hosts (id, user_id, name, phone, address_brief, lat, lon) VALUES (2013, 1013, 'Host_Location_13', '990001013', 'Block M Market, Delhi', 28.636981, 77.217571);
INSERT INTO hosts (id, user_id, name, phone, address_brief, lat, lon) VALUES (2014, 1014, 'Host_Location_14', '990001014', 'Block N Market, Delhi', 28.599664, 77.214075);
INSERT INTO hosts (id, user_id, name, phone, address_brief, lat, lon) VALUES (2015, 1015, 'Host_Location_15', '990001015', 'Block O Market, Delhi', 28.614472, 77.184455);
INSERT INTO hosts (id, user_id, name, phone, address_brief, lat, lon) VALUES (2016, 1016, 'Host_Location_16', '990001016', 'Block P Market, Delhi', 28.60923, 77.182812);
INSERT INTO hosts (id, user_id, name, phone, address_brief, lat, lon) VALUES (2017, 1017, 'Host_Location_17', '990001017', 'Block Q Market, Delhi', 28.635547, 77.179689);
INSERT INTO hosts (id, user_id, name, phone, address_brief, lat, lon) VALUES (2018, 1018, 'Host_Location_18', '990001018', 'Block R Market, Delhi', 28.60151, 77.188489);
INSERT INTO hosts (id, user_id, name, phone, address_brief, lat, lon) VALUES (2019, 1019, 'Host_Location_19', '990001019', 'Block S Market, Delhi', 28.621418, 77.2295);
INSERT INTO hosts (id, user_id, name, phone, address_brief, lat, lon) VALUES (2020, 1020, 'Host_Location_20', '990001020', 'Block T Market, Delhi', 28.616263, 77.225718);
INSERT INTO chargers (id, host_id, connector_type, power_kw, is_ac, is_dc, per_kwh_price, per_min_price, lat, lon) VALUES (3001, 2001, 'CCS', 11, 1, 0, 17, 0.5, 28.622122, 77.180342);
INSERT INTO chargers (id, host_id, connector_type, power_kw, is_ac, is_dc, per_kwh_price, per_min_price, lat, lon) VALUES (3002, 2002, 'CHAdeMO', 50, 0, 1, 11, 0.5, 28.628152, 77.211609);
INSERT INTO chargers (id, host_id, connector_type, power_kw, is_ac, is_dc, per_kwh_price, per_min_price, lat, lon) VALUES (3003, 2003, 'Type2', 120, 0, 1, 23, 0.5, 28.614109, 77.180628);
INSERT INTO chargers (id, host_id, connector_type, power_kw, is_ac, is_dc, per_kwh_price, per_min_price, lat, lon) VALUES (3004, 2004, 'Type2', 50, 0, 1, 20, 0.5, 28.632377, 77.179276);
INSERT INTO chargers (id, host_id, connector_type, power_kw, is_ac, is_dc, per_kwh_price, per_min_price, lat, lon) VALUES (3005, 2005, 'CCS', 7, 1, 0, 21, 0.5, 28.629849, 77.185174);
INSERT INTO chargers (id, host_id, connector_type, power_kw, is_ac, is_dc, per_kwh_price, per_min_price, lat, lon) VALUES (3006, 2006, 'CHAdeMO', 7, 1, 0, 22, 0.5, 28.63216, 77.222701);
INSERT INTO chargers (id, host_id, connector_type, power_kw, is_ac, is_dc, per_kwh_price, per_min_price, lat, lon) VALUES (3007, 2007, 'CCS', 120, 0, 1, 16, 0.5, 28.6217, 77.231945);
INSERT INTO chargers (id, host_id, connector_type, power_kw, is_ac, is_dc, per_kwh_price, per_min_price, lat, lon) VALUES (3008, 2008, 'Type2', 11, 1, 0, 13, 0.5, 28.597526, 77.196344);
INSERT INTO chargers (id, host_id, connector_type, power_kw, is_ac, is_dc, per_kwh_price, per_min_price, lat, lon) VALUES (3009, 2009, 'CCS', 11, 1, 0, 18, 0.5, 28.634028, 77.188832);
INSERT INTO chargers (id, host_id, connector_type, power_kw, is_ac, is_dc, per_kwh_price, per_min_price, lat, lon) VALUES (3010, 2010, 'CHAdeMO', 11, 1, 0, 15, 0.5, 28.588169, 77.217007);
INSERT INTO chargers (id, host_id, connector_type, power_kw, is_ac, is_dc, per_kwh_price, per_min_price, lat, lon) VALUES (3011, 2011, 'Type2', 22, 1, 0, 11, 0.5, 28.639315, 77.220103);
INSERT INTO chargers (id, host_id, connector_type, power_kw, is_ac, is_dc, per_kwh_price, per_min_price, lat, lon) VALUES (3012, 2012, 'Type2', 120, 0, 1, 20, 0.5, 28.602712, 77.195064);
INSERT INTO chargers (id, host_id, connector_type, power_kw, is_ac, is_dc, per_kwh_price, per_min_price, lat, lon) VALUES (3013, 2013, 'Type2', 22, 1, 0, 14, 0.5, 28.63688, 77.217596);
INSERT INTO chargers (id, host_id, connector_type, power_kw, is_ac, is_dc, per_kwh_price, per_min_price, lat, lon) VALUES (3014, 2014, 'CHAdeMO', 50, 0, 1, 21, 0.5, 28.599552, 77.214274);
INSERT INTO chargers (id, host_id, connector_type, power_kw, is_ac, is_dc, per_kwh_price, per_min_price, lat, lon) VALUES (3015, 2015, 'Type2', 7, 1, 0, 14, 0.5, 28.614523, 77.184572);
INSERT INTO chargers (id, host_id, connector_type, power_kw, is_ac, is_dc, per_kwh_price, per_min_price, lat, lon) VALUES (3016, 2016, 'CCS', 120, 0, 1, 24, 0.5, 28.609242, 77.183);
INSERT INTO chargers (id, host_id, connector_type, power_kw, is_ac, is_dc, per_kwh_price, per_min_price, lat, lon) VALUES (3017, 2017, 'CHAdeMO', 7, 1, 0, 18, 0.5, 28.635654, 77.179625);
INSERT INTO chargers (id, host_id, connector_type, power_kw, is_ac, is_dc, per_kwh_price, per_min_price, lat, lon) VALUES (3018, 2018, 'Type2', 22, 1, 0, 15, 0.5, 28.601513, 77.188332);
INSERT INTO chargers (id, host_id, connector_type, power_kw, is_ac, is_dc, per_kwh_price, per_min_price, lat, lon) VALUES (3019, 2019, 'CHAdeMO', 120, 0, 1, 16, 0.5, 28.621279, 77.229605);
INSERT INTO chargers (id, host_id, connector_type, power_kw, is_ac, is_dc, per_kwh_price, per_min_price, lat, lon) VALUES (3020, 2020, 'CHAdeMO', 7, 1, 0, 20, 0.5, 28.616258, 77.225563);